Qty,Value,Device,Package,Parts,Description,AVAILABILITY,DESCRIPTION,MF,MP,PACKAGE,PRECISION,PRICE,PROD_ID,PURCHASE-URL,TYPE,VOLTAGE
1,,CONN_04LONGPADS,1X04_LONGPADS,J4,"Multi connection point. Often used as Generic Header-pin footprint for 0.1 inch spaced/style header connections",,,,,,,,CONN-09696,,,
1,,MOUDLE-SEEEDUINO-XIAO-DIP,MOUDLE14P-2.54-21X17.8MM,U2,,,,,,,,,,,,
2,0.1uF,CAP1206,1206,"C2, C4",Capacitor,,,,,1206,,,,,,
1,100R,RESISTOR1206,1206,R4,Resistor,,,,,1206,,,,,,
2,100k,RESISTOR1206,1206,"R6, R8",Resistor,,,,,1206,,,,,,
3,10k,RESISTOR1206,1206,"R1, R9, R10",Resistor,,,,,1206,,,,,,
1,10uF,CAP1206,1206,C1,Capacitor,,,,,1206,,,,,,
3,1k,RESISTOR1206,1206,"R2, R3, R7",Resistor,,,,,1206,,,,,,
3,1uF,CAP1206,1206,"C3, C5, C6",Capacitor,,,,,1206,,,,,,
1,22k,RESISTOR1206,1206,R5,Resistor,,,,,1206,,,,,,
1,CONN_2X4LOCK,CONN_2X4LOCK,2X4-LOCK,J1,,,,,,,,,,,,
1,FERRITE1612,FERRITE1612,1612,FB1,,,,,,,,,,,,
1,I2C_OLED_MODULE128X64,I2C_OLED_MODULE128X64,I2C_MODULE_0.96INCH_128X64_PLANAR,J2,,,,,,,,,,,,
1,NFETAON7524,NFETAON7524,TRANS_AON7408,Q1,,,,,,,,,,,,
1,STUSB4500LQTR,STUSB4500LQTR,QFN50P400X400X100-25N,U1,"USB Controller USB 2.0 I²C Interface 24-QFN-EP (4x4)  Check availability","In Stock"," USB Controller USB 2.0 I²C Interface 24-QFN-EP (4x4) ",STMicroelectronics,STUSB4500LQTR,"VFQFN-24 STMicroelectronics",,None,,https://pricing.snapeda.com/search/part/STUSB4500LQTR/?ref=eda,,
1,USB4105-GF-A,USB4105-GF-A,GCT_USB4105-GF-A,J3,"USB-C (USB TYPE-C) USB 2.0 Receptacle Connector 24 (16+8 Dummy) Position Surface Mount, Right Angle; Through Hole  Check prices","In Stock"," USB-C (USB TYPE-C) USB 2.0 Receptacle Connector 24 (16+8 Dummy) Position Surface Mount"," Right Angle; Through Hole ",GCT,USB4105-GF-A,None,,None,,https://pricing.snapeda.com/search/part/USB4105-GF-A/?ref=eda,
