"Qty";"Value";"Device";"Package";"Parts";"Description";"AVAILABILITY";"DESCRIPTION";"MF";"MP";"PACKAGE";"PRECISION";"PRICE";"PURCHASE-URL";"TYPE";"VOLTAGE";
"1";"";"CONN_03LOCK_NO_SILK";"1X03_LOCK_NO_SILK";"J2";"Multi connection point. Often used as Generic Header-pin footprint for 0.1 inch spaced/style header connections";"";"";"";"";"";"";"";"";"";"";
"1";"";"CONN_05X2_ARM_DEBUGSMD";"2X5_1.27MM_SMD";"J1";"";"";"";"";"";"2x5_1.27MM_SMD";"";"";"";"";"";
"1";"";"CONN_07NO_SILK";"1X07_NO_SILK";"J6";"Multi connection point. Often used as Generic Header-pin footprint for 0.1 inch spaced/style header connections";"";"";"";"";"";"";"";"";"";"";
"1";"";"VR_REGULATOR-SOT23SOT23";"SOT23";"IC1";"";"";"";"";"";"";"";"";"";"";"";
"3";"0.1uF";"CAP1206";"1206";"C4, C6, C11";"Capacitor";"";"";"";"";"1206";"";"";"";"";"";
"2";"100mOhm";"RESISTOR1206";"1206";"R4, R6";"Resistor";"";"";"";"";"1206";"";"";"";"";"";
"1";"10k";"RESISTOR1206";"1206";"R1";"Resistor";"";"";"";"";"1206";"";"";"";"";"";
"4";"10uF";"CAP1206";"1206";"C2, C3, C8, C9";"Capacitor";"";"";"";"";"1206";"";"";"";"";"";
"2";"120R";"RESISTOR1206";"1206";"R3, R5";"Resistor";"";"";"";"";"1206";"";"";"";"";"";
"4";"1uF";"CAP1206";"1206";"C1, C5, C7, C10";"Capacitor";"";"";"";"";"1206";"";"";"";"";"";
"2";"5k1";"RESISTOR1206";"1206";"R2, R8";"Resistor";"";"";"";"";"1206";"";"";"";"";"";
"2";"A4950";"A4950";"SOIC8_PAD";"U2, U3";"";"";"";"";"";"";"";"";"";"";"";
"1";"AS5047";"AS5047";"TSSOP14";"U4";"";"";"";"";"";"";"";"";"";"";"";
"1";"CONN_04SCREW_TERM";"CONN_04SCREW_TERM";"1X04_SCREW-TERM";"J3";"";"";"";"";"";"";"";"";"";"";"";
"1";"CONN_2X4LOCK";"CONN_2X4LOCK";"2X4-LOCK";"J5";"";"";"";"";"";"";"";"";"";"";"";
"1";"UC_ATSAMD21E18AFAB";"UC_ATSAMD21E18AFAB";"TQFP-32-FAB";"U1";"The SAM D21 is a series of low-power microcontrollers using the 32-bit ARM®";"";"";"";"";"";"";"";"";"";"";
"1";"USB4105-GF-A";"USB4105-GF-A";"GCT_USB4105-GF-A";"J4";"USB-C (USB TYPE-C) USB 2.0 Receptacle Connector 24 (16+8 Dummy) Position Surface Mount, Right Angle; Through Hole  Check prices";"In Stock";" USB-C (USB TYPE-C) USB 2.0 Receptacle Connector 24 (16+8 Dummy) Position Surface Mount, Right Angle";" Through Hole ";"GCT";"USB4105-GF-A";"None";"";"None";"https://pricing.snapeda.com/search/part/USB4105-GF-A/?ref=eda";"";
